,LifeSquare
0,29
1,40
2,29
3,52
4,23
5,46
6,37
9,18
10,27
11,45
12,31
13,39
14,52
15,53
16,31
17,32
18,23
19,56
20,47
22,20
24,44
26,0
28,43
29,31
30,23
31,19
32,37
33,18
34,28
35,58
37,26
38,48
40,32
41,37
42,54
44,106
45,33
47,23
48,46
49,20
50,21
51,23
52,65
53,20
55,38
56,31
58,23
59,31
60,31
62,33
66,32
67,29
68,23
69,63
71,81
72,52
73,18
74,61
75,24
76,42
77,47
78,21
79,19
80,31
81,35
82,31
83,33
84,22
85,33
87,30
88,28
89,34
90,32
91,31
92,37
93,20
94,46
95,4
96,34
97,38
99,21
100,46
101,31
102,33
105,34
106,43
107,40
108,58
109,27
110,18
111,26
112,43
113,21
114,33
116,19
118,47
119,40
120,57
121,43
122,20
123,89
124,35
126,33
127,33
128,46
129,64
130,18
131,87
132,59
133,26
134,5
135,20
136,92
137,23
138,30
140,18
141,52
142,34
144,21
145,57
147,91
148,21
149,20
150,33
151,22
153,53
154,41
155,43
156,29
157,49
158,4
159,40
160,3
161,51
162,33
163,28
164,34
165,33
166,30
168,32
169,31
170,76
171,18
172,30
175,45
176,33
177,34
178,29
179,17
180,38
181,34
183,32
184,51
185,43
186,44
187,24
188,20
189,32
190,21
191,27
192,54
193,17
196,62
197,18
198,47
199,38
200,35
201,34
202,35
204,22
207,51
208,34
209,20
210,18
211,20
212,67
213,22
214,28
215,35
216,48
217,59
218,51
219,12
220,27
221,35
222,44
223,36
224,19
227,44
228,48
230,36
232,56
233,53
234,81
235,28
236,47
237,66
240,27
241,45
243,69
245,22
247,46
248,20
249,22
250,79
251,20
253,24
254,30
255,37
258,16
259,40
260,46
261,28
262,39
263,50
264,41
265,31
266,24
267,21
268,31
269,28
270,5
271,51
272,19
273,24
274,57
275,30
276,23
277,22
278,32
279,4
280,28
281,20
282,53
283,45
285,43
286,60
288,48
290,52
293,29
297,18
298,45
299,32
300,61
303,31
304,39
305,52
306,32
307,45
308,39
310,29
311,23
312,27
313,51
314,44
315,39
316,22
317,49
319,43
321,40
322,32
324,26
325,48
326,23
327,35
328,55
329,31
330,21
331,19
332,24
333,66
336,64
337,38
339,41
340,33
342,78
343,127
344,31
346,37
347,31
348,32
349,30
350,17
351,22
352,36
354,25
357,48
358,122
359,48
362,29
363,1
364,31
366,32
367,19
368,47
369,55
371,26
373,37
374,22
377,36
378,40
379,38
380,35
382,49
383,49
384,24
385,76
386,56
387,45
389,41
390,34
391,32
392,65
393,21
394,30
396,20
398,30
399,28
400,64
401,94
402,44
403,44
404,40
405,21
406,33
407,19
408,20
409,31
410,19
411,49
412,47
413,23
414,47
415,38
417,37
418,43
419,50
420,55
421,64
422,19
423,38
424,35
425,30
426,68
427,21
428,28
429,21
430,41
431,15
432,45
433,30
435,50
436,39
437,22
438,16
439,31
440,15
441,37
442,23
445,40
446,33
447,41
450,18
451,44
453,18
455,34
457,35
459,33
460,48
462,47
463,22
464,45
465,60
467,46
468,46
469,30
471,30
472,31
473,30
474,21
475,4
476,25
477,2
478,40
480,22
481,50
483,21
484,33
485,22
486,34
487,36
489,21
490,38
491,24
493,42
495,36
498,60
499,31
500,46
502,22
503,46
504,28
505,55
506,106
507,45
509,29
510,32
511,55
513,25
514,29
515,21
516,46
517,40
518,17
520,33
521,37
522,54
523,26
524,20
525,31
526,18
527,4
528,46
530,19
531,15
532,24
533,22
534,22
536,31
537,33
538,49
539,33
540,30
541,19
542,22
543,22
544,64
545,20
548,19
549,50
550,30
551,45
553,50
554,67
555,23
557,22
558,43
559,43
560,4
561,70
562,22
563,47
564,46
565,39
566,34
567,30
568,39
569,33
572,20
573,32
574,40
575,22
576,29
577,20
578,44
579,31
580,39
581,49
582,56
584,19
585,44
586,28
587,29
589,42
590,263
591,30
592,33
593,29
595,19
596,34
598,33
599,21
601,26
602,30
603,66
605,30
606,19
608,80
609,22
610,74
611,22
613,22
614,23
616,19
617,53
618,31
619,46
620,22
622,53
623,64
624,38
627,51
628,28
629,28
630,88
631,41
632,64
633,46
634,17
635,38
636,37
637,95
639,29
640,34
641,21
642,35
643,29
644,48
645,19
646,18
648,27
649,56
650,45
652,107
653,48
655,4
656,35
658,39
659,22
660,48
661,41
662,23
664,64
666,19
668,21
669,38
670,61
671,46
672,20
673,31
674,1
675,21
676,40
678,35
679,34
680,34
681,38
682,2
683,1
685,43
686,28
687,20
688,43
689,33
690,39
691,19
692,47
693,22
695,4
696,56
697,35
698,19
699,23
701,41
703,50
704,52
705,19
706,19
707,1
708,22
709,27
711,25
712,46
714,47
715,45
716,40
720,18
721,21
723,45
724,29
725,25
726,35
727,68
728,45
729,42
731,30
733,36
734,4
735,33
736,22
737,40
739,24
741,36
742,32
743,39
744,18
745,49
747,29
748,20
749,42
750,35
751,1
752,49
755,25
756,34
757,40
758,43
759,30
760,60
761,43
762,19
763,21
764,38
765,5
767,23
768,23
770,41
771,19
772,32
773,32
774,75
775,42
776,31
777,31
781,21
782,20
783,46
784,35
786,65
787,23
789,25
790,64
791,34
792,32
793,19
794,30
795,19
796,27
797,34
798,60
800,29
801,26
803,31
804,21
806,19
807,21
809,48
810,40
811,34
812,34
813,62
814,57
815,54
816,32
817,25
819,18
820,28
821,28
822,29
824,23
825,20
826,46
827,43
830,29
831,37
832,21
833,50
834,47
835,20
836,30
837,48
838,21
840,50
841,74
842,31
844,29
845,18
846,20
848,22
850,1
851,21
852,31
853,47
854,32
856,60
857,60
858,32
859,32
860,36
863,24
864,79
865,17
866,57
867,31
870,28
872,21
873,19
875,30
876,31
877,45
879,42
880,23
881,33
882,5
883,44
884,56
886,32
887,38
888,20
891,17
892,28
894,24
895,32
898,52
901,21
903,42
905,21
906,23
907,53
908,24
909,32
910,28
911,38
912,22
913,33
914,46
917,47
918,47
919,49
920,46
921,18
922,35
923,43
926,22
927,22
928,31
930,58
931,23
933,18
934,31
936,41
937,77
938,50
939,19
940,16
941,23
943,30
944,40
945,18
946,45
947,22
948,59
949,30
950,21
951,18
954,22
955,58
957,44
958,19
959,20
960,81
961,37
962,20
965,44
966,37
968,28
969,47
970,46
971,31
972,46
973,35
974,31
975,49
976,46
978,19
979,22
980,61
982,29
983,33
984,27
985,20
986,18
987,50
989,59
990,54
991,51
992,31
994,48
995,39
996,30
997,31
998,50
999,65
1000,23
1001,33
1002,54
1003,21
1004,53
1006,25
1007,34
1009,80
1010,46
1011,22
1012,17
1013,19
1014,19
1015,31
1016,54
1017,46
1018,23
1019,19
1020,46
1021,19
1022,56
1023,22
1024,45
1025,19
1027,39
1028,39
1029,17
1030,20
1031,21
1033,72
1034,25
1035,21
1036,64
1037,17
1039,20
1043,46
1044,31
1045,37
1046,35
1047,33
1048,89
1050,24
1051,31
1054,33
1057,48
1058,36
1059,37
1060,26
1061,21
1062,31
1063,27
1064,46
1066,23
1068,36
1069,45
1070,23
1071,22
1072,18
1073,30
1075,21
1076,27
1077,37
1078,48
1079,19
1080,33
1082,52
1083,32
1084,20
1085,67
1086,23
1089,48
1090,18
1091,23
1092,41
1093,17
1094,21
1095,23
1096,28
1097,23
1098,42
1099,29
1100,52
1101,20
1102,42
1103,30
1105,31
1106,25
1108,61
1109,30
1110,44
1111,19
1112,52
1113,54
1114,44
1115,22
1116,31
1117,39
1118,20
1120,53
1121,22
1122,32
1123,41
1125,33
1127,58
1128,43
1129,21
1130,78
1131,33
1134,45
1135,68
1136,33
1137,53
1138,54
1139,31
1140,32
1141,45
1142,38
1143,24
1144,23
1145,55
1146,45
1147,48
1148,33
1149,34
1151,31
1152,19
1153,20
1154,34
1156,31
1157,22
1159,78
1160,41
1161,20
1162,54
1165,35
1166,35
1167,47
1169,5
1171,45
1172,45
1173,28
1174,36
1175,2
1177,28
1178,20
1179,47
1180,19
1181,22
1182,17
1185,62
1186,19
1187,61
1188,24
1190,21
1192,50
1193,42
1194,20
1195,19
1197,40
1199,21
1200,31
1202,33
1207,61
1208,28
1210,32
1211,31
1214,2
1215,5
1216,42
1217,62
1218,32
1219,30
1221,19
1222,27
1223,66
1224,28
1226,30
1227,35
1228,39
1229,67
1230,63
1231,81
1232,47
1233,46
1234,45
1235,64
1237,63
1238,32
1240,24
1241,32
1242,67
1243,35
1244,19
1245,33
1247,30
1248,31
1249,17
1250,35
1251,22
1252,23
1253,32
1254,32
1255,38
1257,45
1259,48
1260,45
1261,20
1262,46
1263,24
1264,33
1265,41
1266,22
1267,20
1269,35
1270,46
1272,39
1274,29
1275,39
1276,31
1277,35
1280,30
1281,19
1282,30
1283,27
1284,24
1285,63
1286,62
1287,22
1288,20
1289,80
1290,33
1291,29
1292,44
1293,23
1294,74
1296,66
1297,21
1298,20
1300,37
1302,22
1303,44
1304,41
1305,33
1307,40
1308,65
1309,15
1311,27
1313,46
1314,37
1315,31
1316,1
1317,45
1318,64
1319,33
1320,79
1321,38
1322,85
1326,27
1328,21
1329,33
1330,30
1332,30
1333,19
1335,81
1336,15
1338,23
1339,38
1340,23
1341,35
1342,24
1343,31
1344,31
1345,20
1346,35
1347,51
1348,34
1349,20
1350,34
1351,46
1353,22
1354,44
1356,41
1357,55
1358,43
1359,28
1360,44
1361,33
1362,33
1365,21
1366,21
1367,37
1368,45
1369,64
1370,21
1371,22
1372,29
1373,31
1375,23
1376,32
1377,25
1379,29
1380,44
1381,37
1382,48
1383,32
1384,22
1385,31
1386,48
1387,21
1388,46
1389,20
1390,57
1391,30
1392,31
1393,32
1394,24
1396,31
1397,136
1398,26
1399,20
1400,19
1401,51
1402,26
1404,31
1405,31
1407,20
1409,25
1410,3
1411,46
1412,35
1413,31
1414,20
1415,39
1416,63
1418,80
1419,50
1421,28
1422,62
1423,21
1424,49
1425,32
1426,46
1427,31
1428,32
1429,28
1430,19
1431,41
1432,18
1433,65
1434,25
1435,21
1436,34
1438,32
1439,44
1441,66
1442,20
1443,35
1444,24
1446,37
1447,31
1448,42
1449,62
1450,36
1451,45
1452,42
1453,61
1454,21
1455,79
1456,38
1457,52
1460,32
1462,33
1466,22
1467,44
1468,19
1470,29
1472,34
1473,18
1474,42
1475,44
1476,18
1477,20
1478,31
1481,26
1482,29
1485,65
1487,44
1489,40
1490,22
1491,29
1492,33
1494,52
1495,27
1496,23
1497,20
1498,37
1499,77
1500,22
1501,28
1502,31
1503,82
1504,3
1505,29
1507,32
1508,20
1509,56
1510,41
1511,59
1512,30
1513,64
1515,18
1516,35
1517,30
1518,31
1520,31
1522,19
1523,59
1524,32
1525,20
1526,17
1527,95
1528,26
1529,17
1531,30
1532,31
1533,29
1534,38
1535,21
1536,48
1538,34
1539,52
1540,34
1542,20
1543,26
1544,22
1546,21
1547,39
1548,24
1549,43
1550,34
1552,18
1553,33
1554,52
1556,23
1557,19
1558,33
1559,14
1560,31
1561,43
1562,59
1563,59
1565,32
1566,45
1567,19
1568,17
1569,40
1570,30
1572,31
1574,59
1575,17
1576,22
1577,28
1579,98
1580,1
1581,29
1582,57
1583,23
1584,45
1585,45
1586,29
1588,48
1589,27
1592,16
1593,5
1595,49
1596,33
1597,32
1600,37
1601,34
1602,19
1603,68
1604,16
1606,44
1608,4
1609,5
1610,77
1611,36
1612,19
1613,67
1614,24
1616,31
1617,46
1618,19
1619,77
1621,14
1622,29
1623,53
1624,20
1625,36
1626,29
1627,20
1628,20
1629,48
1630,23
1631,22
1632,45
1633,22
1634,36
1635,21
1636,57
1637,52
1638,25
1639,33
1640,19
1641,174
1644,59
1645,21
1646,33
1647,38
1648,32
1650,40
1651,23
1653,30
1655,44
1657,32
1659,39
1661,53
1662,37
1663,22
1664,41
1665,43
1667,24
1668,20
1669,33
1670,20
1671,47
1672,64
1673,2
1674,72
1675,27
1676,18
1677,30
1680,65
1681,30
1682,40
1683,31
1685,36
1686,102
1687,22
1688,37
1689,31
1690,39
1691,32
1692,33
1695,20
1696,35
1697,39
1698,45
1699,31
1700,31
1701,31
1703,49
1704,31
1707,32
1708,36
1709,21
1712,27
1713,55
1714,22
1715,47
1716,20
1717,22
1718,51
1719,50
1720,24
1721,42
1723,42
1724,36
1725,32
1726,78
1727,18
1728,20
1729,41
1730,19
1731,3
1732,26
1733,43
1734,41
1735,36
1738,4
1740,32
1741,44
1742,44
1743,42
1744,31
1746,105
1747,16
1748,41
1750,31
1752,46
1755,24
1758,19
1760,23
1761,34
1763,19
1764,45
1765,56
1766,47
1767,45
1768,18
1769,79
1770,36
1771,21
1772,20
1773,20
1774,49
1776,25
1777,41
1778,21
1779,25
1780,31
1781,20
1782,22
1783,34
1785,48
1786,26
1787,27
1788,18
1790,19
1791,20
1792,21
1793,46
1794,44
1795,19
1796,46
1797,21
1798,41
1799,19
1800,2
1801,30
1802,33
1804,49
1805,28
1806,32
1807,38
1808,30
1809,24
1810,53
1811,30
1813,33
1814,30
1815,44
1816,48
1818,22
1819,38
1820,29
1821,54
1822,29
1825,55
1826,85
1827,1
1828,62
1829,22
1830,33
1831,29
1832,21
1833,76
1834,46
1835,66
1836,20
1838,73
1839,26
1840,20
1841,31
1843,44
1844,41
1845,46
1847,31
1848,19
1849,48
1853,32
1854,34
1855,53
1856,23
1858,43
1859,19
1860,32
1862,37
1863,20
1864,50
1865,34
1867,138
1869,30
1870,60
1871,16
1872,34
1873,33
1874,58
1876,47
1878,26
1879,26
1880,34
1881,23
1882,36
1884,33
1885,33
1886,20
1887,29
1889,34
1891,13
1892,20
1893,44
1894,46
1896,41
1897,68
1898,35
1899,35
1900,59
1902,19
1903,18
1906,42
1907,30
1908,46
1910,27
1911,43
1912,24
1915,33
1916,79
1918,2
1920,32
1921,46
1922,82
1923,32
1924,45
1925,46
1926,21
1927,38
1929,72
1930,22
1931,22
1932,19
1933,22
1934,66
1935,22
1937,44
1938,22
1940,22
1941,44
1942,27
1944,48
1946,42
1948,21
1949,32
1950,20
1951,32
1952,33
1953,32
1954,31
1955,31
1956,83
1957,22
1958,37
1959,38
1960,20
1961,20
1962,34
1963,67
1964,22
1965,28
1966,31
1967,49
1968,31
1971,25
1972,12
1973,20
1974,71
1975,44
1976,30
1980,45
1981,211
1982,233
1983,22
1984,20
1985,28
1986,19
1987,35
1988,33
1990,22
1991,67
1992,44
1993,68
1994,53
1995,51
1996,36
1997,22
1998,18
1999,21
2000,16
2001,29
2003,49
2005,89
2006,41
2007,54
2008,27
2009,23
2012,53
2014,45
2015,21
2016,47
2017,41
2018,48
2019,35
2020,28
2021,21
2022,37
2023,52
2024,48
2025,32
2026,34
2027,32
2028,18
2029,23
2030,21
2031,34
2032,41
2033,33
2034,25
2035,34
2036,41
2037,29
2040,19
2041,31
2042,32
2043,47
2044,29
2045,47
2046,69
2048,19
2051,45
2054,46
2055,45
2057,39
2059,33
2061,29
2063,30
2065,37
2066,27
2069,33
2070,20
2071,33
2072,29
2073,30
2075,33
2076,30
2077,42
2078,28
2079,34
2080,24
2081,45
2083,18
2084,39
2086,24
2087,20
2088,31
2089,30
2090,61
2091,33
2093,33
2094,41
2097,26
2098,21
2099,39
2100,41
2104,54
2105,32
2106,20
2107,21
2108,30
2111,36
2112,33
2113,57
2114,21
2117,19
2118,45
2120,56
2121,23
2123,29
2124,23
2125,33
2126,28
2129,33
2130,30
2131,34
2132,23
2134,75
2135,24
2136,19
2137,29
2138,40
2139,36
2140,21
2141,23
2142,1
2143,34
2144,50
2146,41
2147,16
2148,25
2149,49
2151,23
2152,30
2153,38
2154,23
2155,44
2156,44
2157,30
2158,58
2160,32
2164,36
2166,46
2167,36
2168,24
2169,32
2170,38
2171,43
2172,20
2173,21
2174,26
2177,37
2178,20
2180,42
2181,39
2182,66
2183,88
2184,19
2185,35
2189,65
2190,43
2192,39
2193,24
2195,33
2196,65
2199,34
2200,32
2201,30
2202,49
2203,31
2204,39
2205,35
2206,36
2207,21
2208,32
2209,16
2210,32
2211,24
2212,21
2213,17
2215,34
2216,37
2218,34
2219,76
2220,75
2221,42
2222,41
2224,1
2226,42
2227,44
2228,33
2230,19
2231,21
2232,34
2233,23
2235,60
2236,22
2237,41
2238,46
2239,32
2240,32
2241,43
2243,25
2244,33
2245,43
2247,36
2248,85
2250,22
2252,37
2253,63
2254,32
2255,19
2256,31
2257,28
2258,33
2259,20
2260,36
2261,39
2262,48
2263,79
2264,24
2265,24
2266,30
2267,20
2268,22
2270,45
2271,48
2272,21
2273,24
2274,17
2275,16
2276,28
2277,39
2278,22
2279,19
2280,21
2281,30
2282,20
2283,74
2284,50
2285,23
2286,22
2287,43
2288,29
2289,20
2290,29
2291,34
2292,34
2293,23
2294,30
2295,33
2296,69
2297,25
2299,88
2300,21
2301,22
2302,25
2303,32
2306,28
2307,29
2309,3
2310,37
2311,35
2312,68
2313,2
2315,21
2316,30
2317,31
2318,32
2319,59
2320,47
2321,47
2322,16
2323,17
2324,29
2325,47
2326,45
2327,19
2329,30
2330,21
2332,45
2333,38
2334,24
2335,46
2336,20
2337,22
2338,39
2340,18
2341,23
2342,22
2343,50
2344,22
2345,31
2346,64
2347,23
2349,21
2350,19
2351,43
2353,16
2354,37
2355,25
2356,15
2357,23
2358,24
2360,45
2362,40
2365,50
2366,34
2367,18
2368,21
2369,20
2370,39
2371,44
2372,57
2373,33
2375,50
2376,52
2378,42
2380,21
2381,21
2382,21
2383,95
2384,20
2385,30
2386,33
2387,41
2388,37
2390,24
2391,21
2392,24
2393,24
2394,23
2395,32
2397,36
2398,22
2399,32
2400,62
2402,60
2403,3
2404,51
2405,33
2406,37
2408,48
2409,41
2410,30
2411,20
2412,44
2413,32
2414,33
2415,44
2416,34
2417,29
2418,2
2419,36
2420,32
2421,43
2422,35
2423,45
2424,28
2425,20
2426,30
2427,31
2428,28
2429,34
2430,4
2435,33
2436,30
2437,45
2438,44
2439,55
2440,20
2441,22
2442,64
2443,19
2444,51
2445,22
2449,42
2450,32
2451,32
2452,35
2453,34
2455,4
2456,21
2457,32
2458,66
2459,22
2460,41
2461,39
2462,43
2464,29
2465,32
2466,63
2467,41
2469,34
2470,18
2472,40
2473,21
2474,29
2475,48
2478,46
2480,19
2481,23
2482,18
2483,52
2484,22
2485,29
2486,21
2487,45
2489,70
2490,40
2492,22
2493,21
2494,31
2495,43
2496,60
2497,44
2498,29
2499,30
2500,20
2501,19
2502,46
2503,32
2504,28
2505,33
2506,33
2507,30
2508,44
2510,19
2511,34
2512,20
2513,20
2514,48
2515,19
2517,95
2518,41
2522,18
2523,31
2524,51
2526,13
2527,20
2528,35
2529,28
2530,46
2533,22
2534,45
2536,42
2537,27
2538,47
2539,30
2540,23
2541,31
2543,20
2544,33
2545,19
2547,60
2548,26
2549,42
2550,40
2551,40
2552,22
2554,35
2556,31
2558,50
2559,43
2560,50
2562,31
2563,46
2564,21
2567,62
2568,22
2569,19
2571,64
2572,46
2573,20
2574,62
2575,44
2576,48
2577,32
2579,21
2580,18
2581,75
2582,59
2583,49
2584,22
2585,22
2587,27
2588,56
2589,29
2590,39
2592,29
2593,20
2594,30
2595,28
2596,33
2597,21
2599,46
2600,29
2601,32
2602,40
2603,161
2604,22
2605,22
2606,28
2607,47
2608,30
2609,32
2610,19
2612,32
2614,21
2615,37
2616,45
2617,41
2618,27
2620,31
2621,31
2622,20
2623,29
2624,91
2626,22
2627,48
2628,33
2629,33
2630,32
2631,46
2632,16
2634,46
2635,43
2636,31
2639,27
2641,33
2642,22
2644,38
2645,48
2646,17
2647,47
2648,53
2649,34
2650,64
2651,47
2656,98
2657,21
2658,20
2659,21
2661,34
2662,49
2664,40
2665,1
2666,35
2667,27
2668,29
2669,31
2670,42
2671,22
2672,46
2674,17
2675,36
2676,21
2678,16
2679,34
2680,28
2681,19
2682,85
2683,81
2684,78
2685,18
2687,27
2688,86
2690,45
2691,32
2692,33
2693,44
2694,22
2696,46
2698,34
2699,83
2700,67
2701,45
2702,32
2703,28
2704,45
2705,30
2706,46
2707,17
2708,136
2709,33
2710,61
2711,22
2712,35
2713,4
2714,33
2715,60
2717,41
2718,23
2719,23
2720,49
2721,50
2722,26
2723,41
2724,34
2725,61
2726,21
2727,19
2728,21
2732,45
2733,31
2734,100
2736,23
2737,32
2738,20
2739,39
2741,34
2742,42
2743,39
2744,34
2745,57
2746,38
2748,56
2749,51
2750,58
2751,47
2752,25
2753,43
2754,62
2756,50
2757,29
2758,52
2760,26
2761,38
2762,51
2763,31
2764,22
2765,41
2770,45
2772,44
2773,24
2774,58
2776,21
2777,33
2779,44
2780,40
2781,41
2782,35
2783,22
2784,48
2785,34
2787,30
2791,34
2792,51
2793,32
2794,25
2796,40
2797,46
2798,36
2799,43
2800,28
2802,62
2803,21
2804,37
2805,32
2806,21
2808,22
2810,57
2811,22
2812,20
2814,23
2815,22
2816,26
2818,18
2819,34
2820,33
2823,44
2826,51
2827,52
2828,5
2829,23
2830,23
2831,50
2832,21
2833,42
2834,15
2835,88
2836,44
2838,31
2839,102
2840,20
2841,39
2842,4
2843,29
2844,33
2845,29
2846,23
2847,29
2848,3
2849,63
2850,19
2851,22
2852,31
2853,33
2857,79
2859,27
2860,1
2861,28
2862,33
2865,51
2866,66
2867,55
2868,20
2869,24
2870,4
2871,20
2872,74
2874,22
2876,37
2877,79
2880,20
2882,41
2883,31
2885,23
2886,32
2887,1
2888,45
2889,15
2890,73
2891,28
2892,53
2893,22
2894,14
2896,23
2897,19
2898,4
2900,33
2901,20
2902,53
2904,54
2905,40
2906,3
2908,51
2910,22
2912,40
2913,23
2914,31
2916,99
2917,44
2918,32
2919,22
2921,25
2922,30
2923,19
2924,30
2925,18
2926,1
2927,33
2928,20
2929,47
2930,54
2931,33
2932,1
2933,34
2934,107
2935,45
2936,34
2937,19
2938,91
2939,37
2941,33
2943,47
2944,28
2945,41
2946,18
2947,36
2948,17
2950,36
2951,18
2952,60
2953,23
2954,29
2956,22
2957,3
2958,27
2959,42
2960,30
2961,43
2962,27
2963,41
2964,19
2966,21
2967,43
2968,34
2969,112
2970,36
2971,32
2972,47
2973,20
2975,45
2976,48
2978,46
2979,21
2981,30
2982,34
2983,29
2984,50
2985,5
2986,41
2987,38
2988,45
2990,63
2991,18
2993,20
2994,34
2996,30
2997,22
2998,39
2999,45
3000,38
3001,20
3002,35
3003,53
3004,25
3005,47
3006,24
3007,41
3008,22
3009,22
3010,31
3011,84
3012,35
3013,23
3014,31
3015,40
3017,45
3018,5
3019,60
3020,19
3021,23
3022,2
3024,17
3025,31
3027,20
3029,26
3030,22
3031,60
3032,32
3033,16
3034,29
3038,31
3040,35
3041,43
3043,20
3044,48
3045,1
3047,34
3048,36
3049,32
3050,33
3051,22
3052,36
3054,41
3055,19
3056,20
3057,39
3059,44
3060,97
3061,44
3062,22
3064,36
3065,21
3066,19
3067,29
3068,58
3069,29
3070,29
3071,48
3072,1
3073,19
3074,30
3075,39
3076,30
3077,27
3078,31
3079,63
3080,22
3081,77
3082,22
3084,13
3087,21
3089,28
3090,18
3091,22
3092,58
3093,20
3094,49
3095,48
3099,21
3100,23
3101,28
3102,23
3103,53
3104,52
3107,31
3108,20
3109,28
3110,39
3111,24
3113,32
3114,42
3116,56
3117,21
3118,48
3119,17
3120,24
3122,33
3123,27
3124,32
3125,45
3126,61
3127,19
3128,33
3129,23
3130,23
3132,39
3133,44
3134,22
3136,79
3137,22
3138,28
3139,22
3140,35
3141,48
3144,52
3145,31
3146,19
3147,36
3149,20
3150,22
3151,34
3152,23
3153,30
3154,23
3155,42
3156,39
3157,34
3158,4
3159,41
3160,39
3161,35
3162,18
3163,65
3165,31
3166,20
3167,37
3168,43
3169,56
3170,24
3171,81
3173,19
3174,27
3175,32
3176,21
3177,33
3178,38
3179,33
3180,30
3182,21
3183,138
3184,31
3186,41
3188,66
3189,33
3190,27
3191,21
3192,22
3193,23
3194,54
3196,49
3197,37
3198,21
3199,35
3200,40
3201,49
3202,28
3203,21
3204,29
3206,38
3207,41
3208,39
3210,27
3212,30
3213,28
3214,34
3215,29
3216,26
3217,39
3218,29
3219,21
3220,22
3221,23
3222,29
3223,46
3225,29
3226,43
3227,24
3228,57
3229,22
3230,29
3231,82
3232,36
3233,19
3234,54
3235,44
3236,27
3237,24
3238,76
3239,16
3240,22
3241,22
3242,33
3243,36
3244,55
3245,21
3246,15
3247,27
3248,33
3249,36
3250,23
3252,39
3253,17
3255,22
3256,45
3257,30
3261,21
3262,18
3263,66
3264,17
3265,24
3266,44
3267,25
3268,114
3269,31
3272,38
3273,22
3274,20
3275,20
3276,19
3277,45
3279,34
3280,40
3281,34
3282,72
3283,47
3284,45
3285,29
3287,31
3288,19
3290,39
3291,61
3293,35
3294,18
3295,40
3296,19
3298,1
3299,4
3302,48
3303,59
3305,33
3306,47
3307,17
3308,5
3309,20
3311,34
3312,40
3314,49
3316,20
3317,38
3319,42
3320,17
3321,22
3322,47
3323,42
3324,65
3327,50
3328,43
3329,33
3330,21
3332,30
3333,48
3334,36
3335,82
3336,33
3337,30
3338,20
3339,22
3340,33
3341,43
3342,50
3343,70
3344,22
3345,34
3346,29
3347,32
3348,22
3349,20
3352,26
3353,41
3354,27
3355,47
3356,51
3357,43
3359,18
3360,45
3361,38
3362,31
3363,37
3364,22
3365,38
3366,22
3367,32
3368,125
3370,20
3371,44
3372,23
3373,19
3374,31
3375,49
3376,18
3377,33
3379,36
3381,19
3383,41
3384,49
3385,31
3386,23
3387,32
3388,39
3389,72
3390,44
3391,38
3392,20
3394,47
3395,44
3396,23
3397,43
3398,34
3399,52
3400,46
3401,37
3402,23
3403,33
3405,22
3407,33
3408,21
3409,48
3410,33
3411,32
3413,5
3414,41
3415,23
3416,40
3417,39
3418,64
3419,29
3420,32
3423,35
3424,20
3426,31
3428,4
3429,24
3430,34
3431,89
3432,36
3433,25
3434,21
3436,18
3437,26
3438,33
3439,22
3440,96
3441,26
3442,21
3443,55
3444,125
3445,31
3446,49
3447,3
3448,30
3449,28
3451,58
3452,70
3455,34
3456,35
3457,39
3458,20
3460,20
3461,45
3462,32
3463,19
3464,43
3466,16
3467,32
3468,2
3469,17
3470,62
3472,36
3474,19
3475,35
3476,64
3477,20
3478,32
3479,28
3481,30
3484,23
3485,46
3486,44
3487,5
3488,43
3489,32
3490,28
3491,19
3492,33
3493,33
3495,38
3496,34
3497,24
3499,45
3500,33
3501,19
3502,74
3503,34
3505,26
3506,45
3507,66
3509,29
3511,18
3512,24
3513,34
3514,46
3515,25
3516,22
3518,20
3519,23
3521,51
3522,39
3523,35
3525,41
3526,30
3529,27
3530,26
3531,35
3532,32
3533,28
3534,33
3535,45
3536,47
3537,33
3538,47
3539,31
3540,27
3541,62
3543,28
3544,28
3546,35
3547,5
3548,39
3549,42
3550,20
3551,41
3552,20
3553,49
3554,5
3555,44
3556,33
3557,29
3560,89
3561,19
3562,5
3564,29
3566,52
3567,64
3568,22
3570,47
3571,64
3572,23
3573,48
3574,42
3575,19
3576,55
3577,47
3578,22
3579,23
3580,23
3581,30
3582,23
3583,21
3585,36
3587,61
3588,21
3590,30
3591,73
3592,36
3593,23
3595,58
3596,28
3597,47
3598,32
3599,41
3600,24
3601,4
3603,19
3605,52
3607,47
3608,35
3610,43
3612,48
3614,41
3615,31
3616,64
3617,20
3618,23
3619,18
3621,19
3622,35
3623,30
3624,22
3628,52
3629,45
3632,18
3633,41
3634,56
3635,47
3636,20
3637,35
3638,36
3639,21
3641,35
3642,40
3643,78
3647,48
3648,20
3650,65
3651,170
3653,64
3654,26
3655,25
3656,48
3657,46
3658,45
3659,27
3660,48
3662,52
3663,19
3667,30
3668,22
3669,68
3670,27
3672,70
3673,40
3675,23
3676,44
3677,44
3678,24
3679,20
3680,45
3681,38
3682,21
3683,31
3684,22
3688,46
3689,43
3690,35
3691,45
3692,19
3695,67
3696,32
3697,47
3700,46
3701,21
3703,66
3704,33
3706,35
3707,36
3708,44
3709,36
3710,20
3712,21
3714,26
3715,45
3717,55
3718,24
3719,19
3720,23
3722,27
3723,22
3725,34
3726,54
3728,58
3729,22
3730,1
3732,20
3733,43
3734,21
3736,19
3737,26
3738,31
3739,30
3740,47
3741,45
3742,23
3744,49
3746,35
3748,18
3749,81
3750,26
3752,34
3754,39
3755,78
3757,42
3758,54
3759,33
3760,52
3766,20
3767,35
3768,46
3770,56
3772,53
3773,29
3774,32
3775,23
3776,32
3777,32
3778,46
3779,25
3780,22
3781,27
3782,62
3784,27
3785,45
3786,41
3787,26
3788,21
3789,77
3791,60
3792,19
3793,65
3794,15
3795,18
3796,40
3797,87
3799,47
3800,45
3802,24
3803,97
3804,46
3806,104
3807,45
3808,42
3809,21
3810,42
3811,42
3812,46
3813,47
3815,68
3816,32
3818,40
3819,15
3820,20
3822,44
3823,22
3825,37
3826,17
3827,17
3828,19
3829,80
3830,72
3832,42
3833,30
3834,19
3835,21
3838,16
3839,33
3840,18
3841,22
3843,26
3844,46
3845,49
3847,66
3848,58
3849,48
3850,31
3851,19
3853,51
3854,32
3855,18
3856,56
3857,94
3858,45
3859,48
3860,33
3861,19
3862,42
3863,44
3865,53
3866,32
3867,18
3868,55
3869,32
3870,20
3872,45
3873,48
3874,25
3875,17
3877,44
3878,28
3880,48
3881,32
3882,42
3883,30
3884,2
3885,30
3886,25
3888,50
3889,29
3890,53
3891,51
3892,23
3894,20
3896,25
3897,55
3898,21
3899,25
3900,21
3901,21
3902,51
3903,29
3906,48
3908,19
3909,21
3910,31
3912,46
3913,30
3914,81
3915,81
3916,33
3917,48
3918,34
3920,54
3921,21
3922,47
3923,31
3924,58
3925,31
3926,22
3927,30
3928,26
3929,30
3930,38
3931,52
3932,27
3933,41
3934,20
3935,1
3936,27
3937,64
3938,19
3939,54
3940,17
3941,18
3942,34
3943,45
3944,22
3945,18
3946,30
3947,51
3948,53
3949,54
3951,32
3952,21
3953,48
3955,29
3956,45
3957,38
3958,50
3960,52
3962,19
3963,19
3964,56
3965,17
3967,35
3968,57
3969,40
3970,66
3971,33
3972,23
3973,32
3974,103
3975,27
3977,19
3979,27
3980,27
3981,22
3982,21
3983,49
3985,31
3987,20
3990,30
3991,38
3992,19
3993,20
3997,32
3999,43
4000,18
4001,43
4002,35
4004,33
4005,19
4006,30
4007,30
4008,79
4010,41
4011,47
4012,26
4013,29
4014,60
4016,70
4017,45
4020,30
4022,32
4023,28
4025,22
4026,49
4028,23
4029,30
4031,40
4033,47
4034,46
4035,34
4036,45
4037,1
4038,22
4040,65
4041,23
4042,26
4043,27
4044,20
4045,24
4046,54
4047,161
4050,22
4051,21
4052,46
4053,84
4054,41
4055,18
4056,45
4057,43
4058,30
4059,51
4060,35
4061,59
4062,40
4063,33
4064,20
4065,34
4066,33
4067,33
4068,48
4070,42
4072,29
4075,23
4076,20
4078,23
4079,33
4080,43
4081,26
4082,18
4083,20
4084,32
4085,20
4086,33
4087,23
4089,39
4090,28
4091,45
4092,46
4094,47
4095,22
4096,49
4097,34
4098,40
4099,22
4100,32
4101,46
4103,32
4104,29
4105,27
4107,53
4108,29
4109,18
4110,64
4111,30
4112,35
4113,40
4115,23
4116,21
4117,68
4118,10
4119,78
4120,29
4121,65
4122,66
4123,31
4124,22
4125,44
4126,32
4127,34
4128,39
4129,50
4131,31
4133,42
4134,29
4135,18
4137,23
4139,32
4140,20
4141,48
4142,44
4143,42
4144,30
4146,45
4147,17
4149,33
4150,33
4151,19
4152,40
4153,21
4156,38
4157,42
4158,29
4159,34
4162,19
4163,41
4164,59
4165,81
4166,21
4167,30
4169,63
4170,28
4172,22
4173,32
4174,23
4175,31
4176,4
4179,21
4180,30
4181,2
4183,44
4185,22
4187,33
4188,51
4189,28
4190,15
4192,24
4194,37
4195,36
4198,58
4199,31
4200,38
4201,25
4202,118
4203,5
4204,48
4205,31
4207,22
4209,42
4210,40
4211,85
4212,22
4214,50
4215,29
4217,31
4218,29
4219,80
4221,61
4222,68
4223,5
4224,45
4225,65
4226,32
4227,33
4228,24
4229,48
4230,34
4231,37
4234,28
4236,21
4238,34
4239,23
4240,19
4242,58
4243,44
4244,47
4245,32
4246,23
4247,22
4249,35
4250,22
4251,22
4253,21
4254,33
4255,25
4256,30
4258,43
4261,84
4263,34
4264,26
4265,28
4267,20
4268,1
4269,18
4270,45
4271,32
4272,51
4273,47
4274,38
4275,31
4276,32
4277,83
4280,19
4281,48
4283,30
4285,73
4286,30
4287,19
4292,20
4294,50
4295,48
4298,21
4299,19
4301,79
4302,31
4304,76
4306,30
4307,23
4308,55
4309,24
4310,31
4311,23
4312,62
4314,16
4315,36
4316,35
4317,27
4319,33
4320,18
4322,45
4323,52
4325,22
4326,32
4327,34
4328,7480
4330,36
4331,32
4332,63
4333,31
4335,32
4336,39
4338,19
4339,32
4340,56
4341,25
4342,21
4343,59
4344,47
4345,83
4346,51
4349,47
4350,47
4351,19
4352,16
4353,53
4354,23
4355,47
4357,2
4358,61
4359,31
4360,38
4361,51
4363,33
4364,13
4367,25
4368,29
4369,18
4370,48
4371,65
4373,70
4374,39
4375,33
4376,56
4377,27
4378,50
4380,31
4381,46
4382,46
4383,24
4385,33
4386,29
4387,3
4388,18
4390,24
4391,33
4393,19
4394,53
4395,21
4398,21
4399,31
4400,18
4401,61
4402,21
4403,24
4404,20
4406,48
4408,18
4409,28
4410,43
4411,16
4412,39
4413,18
4414,52
4417,79
4418,62
4419,22
4420,71
4421,79
4422,44
4423,34
4424,22
4425,38
4426,34
4427,47
4428,38
4429,42
4431,39
4432,41
4433,42
4435,54
4436,34
4438,29
4439,44
4440,34
4441,31
4442,56
4444,19
4445,43
4447,40
4449,23
4451,49
4452,29
4455,23
4456,39
4457,22
4458,34
4459,17
4460,47
4461,22
4463,22
4464,32
4465,33
4466,44
4467,20
4468,13
4469,27
4470,48
4471,22
4472,40
4473,35
4474,55
4477,42
4480,81
4481,45
4484,26
4486,56
4487,100
4489,28
4490,20
4491,45
4493,43
4495,91
4496,26
4497,2
4498,86
4499,63
4500,30
4501,24
4502,4
4503,45
4504,33
4506,31
4507,43
4510,19
4511,22
4512,75
4513,32
4514,4
4515,72
4516,35
4517,49
4518,19
4519,29
4520,54
4522,16
4524,36
4525,87
4526,1
4527,18
4528,32
4529,43
4531,75
4532,29
4534,21
4535,20
4537,19
4538,27
4540,34
4541,20
4542,19
4543,21
4544,47
4545,47
4546,37
4547,34
4549,41
4550,37
4551,24
4552,33
4553,40
4554,38
4555,52
4556,33
4557,22
4558,43
4559,45
4560,4
4561,74
4562,31
4563,32
4564,18
4565,49
4566,77
4567,29
4568,44
4569,31
4570,31
4572,30
4573,22
4574,19
4575,30
4576,21
4577,38
4578,23
4579,44
4580,42
4581,56
4582,42
4583,22
4584,38
4585,33
4586,20
4588,1
4589,22
4590,62
4591,20
4592,23
4593,20
4594,19
4595,15
4596,22
4597,54
4598,38
4599,40
4600,73
4601,37
4603,31
4604,29
4605,42
4606,46
4607,22
4608,44
4609,33
4610,36
4611,39
4612,19
4613,42
4615,34
4616,47
4617,18
4620,31
4621,21
4622,68
4624,19
4625,55
4626,23
4627,30
4628,33
4629,21
4630,52
4631,46
4633,37
4634,48
4635,20
4636,20
4637,20
4638,82
4639,5
4640,30
4642,34
4644,23
4646,26
4647,47
4648,33
4650,16
4651,113
4652,21
4653,19
4654,24
4655,73
4657,41
4658,74
4659,34
4660,53
4661,4
4663,22
4664,5
4665,37
4666,32
4667,1
4668,20
4669,45
4670,60
4671,23
4672,55
4673,21
4674,22
4675,46
4677,32
4678,20
4679,33
4680,28
4681,21
4682,33
4683,47
4684,49
4685,83
4686,32
4687,20
4688,37
4690,410
4691,28
4692,54
4693,41
4694,37
4695,37
4696,22
4698,46
4700,27
4701,24
4702,21
4703,47
4704,26
4705,45
4708,30
4710,19
4711,28
4712,27
4715,66
4717,21
4718,44
4719,78
4720,19
4721,16
4723,19
4724,29
4725,18
4726,24
4727,75
4728,19
4729,18
4730,24
4732,19
4733,18
4734,3
4735,33
4736,35
4737,79
4738,61
4739,15
4740,23
4742,29
4743,36
4744,29
4746,31
4747,32
4748,34
4751,52
4752,46
4754,33
4756,71
4757,4
4759,17
4760,45
4761,20
4762,88
4763,33
4764,34
4765,21
4766,2
4767,40
4768,48
4769,48
4772,28
4773,40
4775,39
4776,43
4777,37
4778,38
4779,30
4780,42
4782,40
4783,25
4784,47
4785,47
4786,46
4787,25
4788,1
4789,45
4790,31
4792,22
4793,35
4794,36
4796,22
4799,19
4801,22
4802,89
4803,77
4805,27
4806,29
4807,19
4808,38
4809,34
4810,34
4811,33
4812,33
4814,24
4815,20
4817,51
4820,66
4822,51
4824,75
4825,44
4826,30
4827,32
4828,18
4829,23
4830,43
4832,52
4833,38
4834,50
4835,44
4836,20
4838,20
4839,73
4840,23
4841,72
4842,22
4844,39
4846,33
4847,19
4848,44
4849,18
4850,40
4851,21
4853,0
4855,30
4856,19
4857,65
4858,20
4859,45
4860,29
4861,30
4862,36
4863,23
4864,36
4866,4
4867,42
4869,22
4870,82
4873,36
4875,19
4877,61
4879,58
4881,44
4882,36
4883,32
4884,4
4885,50
4886,21
4887,19
4888,29
4890,23
4891,37
4892,69
4893,25
4894,20
4896,33
4897,47
4898,21
4899,3
4900,5
4902,36
4903,79
4904,27
4906,49
4907,36
4910,52
4911,32
4912,46
4913,31
4914,22
4915,25
4918,20
4919,4
4920,48
4921,19
4922,37
4924,20
4925,28
4926,21
4927,20
4929,33
4930,38
4931,54
4932,28
4933,33
4934,19
4935,32
4936,37
4937,30
4938,29
4939,22
4940,35
4941,26
4942,45
4944,40
4945,33
4946,30
4949,48
4950,29
4951,19
4952,45
4953,30
4954,18
4958,48
4959,23
4961,51
4962,90
4963,43
4965,23
4966,41
4967,34
4968,21
4970,19
4971,33
4972,20
4974,24
4976,30
4977,47
4979,65
4980,22
4982,37
4983,34
4984,19
4985,47
4986,18
4987,111
4988,47
4989,20
4991,22
4992,32
4993,29
4994,19
4995,45
4996,40
4997,2
4998,41
4999,21
5001,18
5002,34
5003,29
5005,42
5006,40
5008,30
5009,30
5011,33
5012,39
5013,20
5014,43
5015,52
5016,65
5017,53
5018,81
5019,34
5020,45
5021,33
5022,40
5023,37
5024,19
5025,21
5026,21
5027,33
5029,35
5030,21
5031,21
5032,79
5033,62
5034,32
5036,19
5037,28
5038,5
5039,19
5040,32
5041,31
5042,31
5043,44
5044,30
5046,24
5048,35
5050,41
5051,31
5052,22
5053,20
5054,33
5055,48
5056,3
5057,27
5058,44
5059,50
5061,32
5063,98
5065,21
5066,49
5067,45
5068,22
5069,53
5070,21
5071,50
5072,62
5073,27
5074,36
5075,40
5076,33
5077,24
5078,25
5079,21
5080,30
5081,28
5082,23
5083,31
5084,18
5085,22
5087,84
5088,30
5089,33
5091,20
5092,32
5093,23
5094,1
5095,17
5096,34
5098,60
5099,23
5100,5
5101,21
5103,37
5104,16
5106,34
5107,19
5108,49
5109,26
5110,52
5111,29
5112,33
5115,33
5116,39
5117,36
5119,24
5120,33
5122,26
5123,20
5124,48
5125,21
5126,47
5127,37
5128,29
5129,18
5130,30
5131,22
5132,36
5133,20
5134,19
5135,20
5137,43
5139,18
5140,36
5141,27
5143,19
5145,48
5146,48
5147,28
5149,19
5150,41
5151,26
5153,24
5154,23
5155,41
5156,19
5157,24
5158,28
5159,47
5160,24
5161,44
5162,59
5163,45
5164,42
5165,28
5166,36
5167,20
5168,23
5169,3
5170,31
5171,20
5174,33
5175,19
5176,20
5177,48
5178,45
5179,56
5181,26
5182,19
5184,22
5185,63
5187,45
5188,66
5190,30
5192,45
5193,18
5195,33
5196,22
5198,21
5199,20
5201,58
5202,30
5203,13
5204,17
5205,21
5207,74
5208,21
5209,62
5210,44
5211,21
5213,54
5214,30
5215,23
5216,19
5217,40
5218,70
5220,47
5221,18
5226,21
5227,19
5229,20
5230,45
5231,30
5232,11
5233,46
5234,27
5235,36
5236,20
5238,23
5239,22
5240,43
5241,37
5242,51
5243,42
5245,20
5247,52
5248,36
5249,31
5250,48
5251,15
5252,21
5253,36
5254,34
5255,40
5256,45
5257,21
5258,21
5262,36
5264,45
5265,5
5266,39
5267,43
5268,17
5270,45
5271,33
5272,54
5273,21
5274,42
5277,44
5279,45
5280,25
5281,32
5282,29
5283,34
5286,29
5287,19
5288,24
5289,26
5290,53
5294,36
5295,44
5296,47
5297,41
5298,32
5299,31
5300,19
5301,19
5302,32
5303,85
5304,32
5305,64
5307,18
5309,37
5310,19
5311,62
5312,33
5313,43
5315,23
5317,30
5318,60
5319,58
5320,38
5322,15
5323,48
5325,46
5326,23
5328,25
5329,34
5330,48
5332,34
5334,52
5335,47
5336,41
5338,45
5339,36
5340,33
5341,36
5342,34
5344,30
5345,23
5346,44
5350,101
5351,44
5352,26
5353,23
5354,31
5355,25
5356,28
5357,36
5358,41
5359,43
5360,68
5361,69
5364,41
5365,49
5367,21
5368,5
5370,57
5371,43
5372,47
5373,57
5374,44
5375,20
5376,77
5378,22
5379,31
5380,28
5381,13
5382,62
5383,40
5384,20
5385,33
5386,64
5388,42
5389,31
5391,18
5392,54
5394,36
5395,34
5397,47
5398,5
5399,63
5400,18
5401,35
5402,51
5403,18
5404,26
5405,66
5406,40
5407,23
5408,20
5409,40
5411,29
5412,34
5415,46
5416,73
5417,29
5418,39
5419,29
5421,100
5422,30
5423,27
5424,22
5426,19
5427,19
5428,38
5429,40
5430,44
5431,30
5432,23
5433,19
5434,23
5435,31
5436,79
5437,29
5438,21
5439,23
5440,29
5441,61
5442,34
5443,29
5444,153
5445,25
5446,21
5447,44
5448,19
5450,49
5452,78
5453,24
5455,19
5456,33
5457,27
5458,52
5459,16
5462,19
5463,34
5464,32
5465,22
5466,79
5467,22
5468,32
5469,49
5470,61
5471,39
5472,48
5473,47
5474,24
5475,23
5476,57
5478,19
5479,21
5480,19
5481,26
5483,20
5484,19
5485,36
5486,47
5487,57
5488,49
5489,43
5490,22
5491,18
5492,72
5493,31
5494,34
5495,39
5496,21
5497,30
5498,24
5499,34
5500,4
5501,20
5502,42
5503,43
5504,35
5507,19
5508,47
5509,30
5510,34
5511,31
5512,26
5513,30
5515,29
5516,35
5517,20
5518,25
5519,33
5520,43
5521,35
5523,22
5525,28
5526,95
5527,37
5528,35
5529,43
5530,24
5532,32
5533,27
5536,47
5538,27
5539,21
5540,1
5542,20
5543,21
5545,28
5546,19
5547,32
5548,45
5549,16
5550,35
5551,30
5553,93
5555,37
5556,43
5557,15
5558,23
5559,40
5562,34
5564,48
5565,26
5566,59
5567,22
5569,55
5570,57
5571,46
5573,18
5576,60
5577,27
5578,21
5579,34
5580,31
5582,46
5583,41
5585,83
5586,26
5587,30
5588,41
5589,68
5590,20
5591,60
5592,36
5594,34
5595,21
5596,20
5597,49
5598,36
5599,18
5600,113
5601,38
5602,49
5604,33
5606,46
5607,47
5609,37
5610,55
5612,21
5613,46
5616,35
5617,16
5618,20
5619,20
5620,37
5621,59
5622,33
5623,21
5624,1
5625,27
5629,37
5630,32
5631,45
5632,20
5635,19
5636,31
5638,31
5639,64
5640,18
5641,41
5642,46
5643,22
5644,47
5647,23
5648,22
5649,16
5650,51
5651,29
5652,43
5653,25
5655,78
5658,67
5659,31
5660,20
5661,29
5662,30
5663,30
5664,34
5665,23
5666,20
5667,15
5669,42
5670,52
5671,18
5672,57
5673,38
5674,25
5676,34
5677,32
5680,61
5681,22
5682,39
5684,26
5685,41
5686,42
5687,87
5688,22
5691,19
5692,58
5693,35
5695,20
5696,30
5697,19
5698,28
5700,35
5701,51
5702,48
5704,47
5705,34
5706,91
5708,78
5709,2
5710,32
5711,33
5712,42
5713,43
5715,34
5716,43
5717,32
5718,66
5719,34
5720,61
5721,47
5723,72
5724,23
5725,23
5726,33
5727,15
5728,36
5729,21
5731,97
5733,22
5734,62
5735,33
5736,56
5737,31
5739,48
5740,34
5741,33
5743,120
5744,21
5745,43
5746,46
5747,48
5748,23
5749,50
5751,43
5752,31
5755,29
5756,42
5757,52
5758,23
5759,19
5762,22
5763,44
5764,23
5765,81
5766,41
5767,55
5768,29
5769,56
5770,30
5771,42
5773,115
5774,29
5776,47
5777,33
5779,18
5780,23
5781,36
5783,29
5784,20
5785,34
5786,10
5788,29
5790,24
5791,27
5793,34
5796,17
5797,37
5798,30
5799,55
5800,42
5801,31
5802,32
5803,39
5804,28
5805,54
5807,32
5808,17
5809,20
5811,17
5812,29
5813,30
5814,22
5815,55
5816,42
5817,30
5819,36
5821,35
5822,1
5823,63
5824,36
5825,43
5826,23
5827,53
5829,19
5830,80
5831,31
5832,33
5833,36
5835,35
5836,21
5838,31
5839,30
5840,19
5841,20
5842,32
5843,34
5844,39
5845,22
5846,35
5847,46
5848,40
5849,24
5850,50
5851,61
5853,39
5854,28
5855,59
5857,20
5858,20
5859,19
5860,44
5861,18
5862,43
5863,45
5864,62
5865,39
5866,46
5869,40
5870,32
5871,29
5872,29
5873,19
5874,42
5875,33
5876,23
5877,48
5878,37
5879,5
5880,45
5881,22
5883,30
5884,32
5886,22
5889,36
5890,56
5892,21
5893,45
5894,22
5895,28
5897,49
5898,38
5899,22
5900,22
5901,53
5902,65
5903,25
5904,51
5905,30
5907,35
5908,47
5909,21
5911,27
5912,20
5913,46
5914,31
5915,23
5917,4
5918,59
5920,75
5921,32
5922,46
5923,30
5924,37
5925,19
5926,28
5928,20
5929,20
5930,46
5931,32
5933,3
5934,36
5935,29
5936,51
5937,21
5938,30
5941,44
5942,2
5943,33
5944,33
5945,22
5946,18
5947,2
5948,17
5949,41
5950,32
5951,44
5952,74
5953,32
5955,43
5956,18
5957,34
5958,24
5959,30
5960,57
5961,18
5964,21
5965,42
5966,31
5967,14
5968,4
5970,49
5972,32
5973,32
5974,30
5975,40
5976,47
5977,48
5978,20
5979,47
5980,20
5981,29
5982,37
5983,57
5984,1
5985,23
5986,42
5988,43
5990,31
5991,19
5994,47
5995,48
5996,36
5997,18
5998,19
5999,21
6000,63
6001,17
6004,61
6006,20
6007,40
6008,15
6009,20
6011,61
6013,21
6014,44
6015,33
6016,40
6018,45
6019,84
6020,27
6021,22
6022,24
6023,47
6024,34
6025,22
6028,47
6029,40
6030,20
6031,18
6032,41
6033,32
6034,36
6035,22
6036,2
6039,32
6041,32
6042,19
6043,16
6045,33
6046,20
6047,2
6048,43
6049,20
6050,34
6051,15
6052,42
6053,33
6054,14
6055,34
6056,44
6058,48
6061,36
6062,38
6063,17
6064,55
6065,49
6066,27
6067,67
6068,45
6069,31
6070,20
6071,31
6073,96
6074,67
6076,30
6077,104
6078,47
6079,21
6080,39
6082,53
6083,49
6084,5
6087,46
6088,101
6089,39
6091,33
6092,63
6093,53
6094,105
6095,59
6096,17
6097,49
6099,64
6100,21
6102,20
6103,47
6104,23
6105,45
6106,41
6107,20
6108,45
6109,35
6110,23
6111,22
6112,28
6114,32
6115,22
6116,23
6117,43
6118,36
6119,29
6120,28
6121,44
6123,3
6125,15
6126,58
6127,43
6128,34
6129,39
6130,29
6131,48
6132,21
6133,29
6134,44
6135,30
6137,46
6138,30
6139,48
6141,30
6142,35
6143,33
6145,37
6146,21
6147,66
6149,19
6150,20
6152,22
6153,51
6154,48
6155,15
6156,20
6157,39
6158,19
6159,19
6160,34
6161,22
6162,31
6163,22
6164,21
6165,39
6166,57
6168,22
6171,21
6172,46
6173,18
6174,45
6175,31
6176,21
6177,20
6178,3
6180,29
6182,57
6183,38
6184,37
6185,29
6187,35
6189,20
6190,33
6191,87
6192,65
6193,52
6194,47
6196,23
6197,37
6202,39
6203,19
6205,33
6206,2
6207,33
6208,29
6209,46
6211,32
6212,50
6213,21
6214,39
6215,34
6216,32
6217,29
6218,18
6220,30
6221,54
6222,20
6223,41
6225,23
6226,31
6227,80
6228,30
6229,44
6230,67
6231,47
6232,32
6233,32
6236,23
6237,40
6238,21
6239,34
6240,47
6242,47
6246,17
6247,43
6248,36
6249,24
6250,49
6251,22
6252,34
6253,21
6255,19
6256,62
6257,30
6258,32
6259,47
6260,21
6261,17
6262,21
6264,35
6265,30
6268,52
6269,35
6270,54
6271,10
6272,17
6273,57
6274,28
6275,30
6276,47
6277,32
6278,29
6279,62
6280,34
6281,47
6282,36
6283,43
6285,33
6286,58
6287,44
6288,23
6289,17
6290,38
6292,31
6293,22
6294,24
6295,48
6296,28
6297,46
6298,28
6300,34
6301,43
6302,20
6303,41
6304,23
6305,32
6306,29
6310,39
6311,54
6313,20
6314,40
6315,28
6316,23
6317,29
6319,22
6321,36
6322,17
6323,38
6324,49
6325,19
6326,23
6327,48
6328,21
6329,17
6330,58
6331,30
6332,164
6333,31
6334,51
6336,31
6337,59
6338,86
6339,67
6340,60
6341,22
6342,23
6344,51
6345,85
6346,47
6347,36
6348,30
6349,23
6350,31
6351,36
6352,23
6353,21
6354,1
6355,20
6356,41
6357,23
6360,72
6361,20
6362,21
6363,42
6364,33
6365,35
6366,34
6367,32
6368,22
6371,21
6372,30
6374,21
6377,32
6378,48
6379,41
6380,40
6381,33
6383,19
6384,31
6385,21
6386,19
6387,29
6388,67
6389,22
6390,21
6392,4
6394,25
6395,38
6397,35
6398,22
6399,21
6400,35
6402,22
6403,22
6404,35
6405,14
6406,44
6408,20
6409,19
6410,34
6411,25
6412,38
6413,31
6414,51
6415,47
6416,21
6420,35
6422,19
6423,77
6424,29
6425,20
6426,30
6427,21
6428,17
6429,21
6430,22
6431,34
6432,42
6433,20
6434,22
6435,24
6436,19
6437,22
6438,43
6439,44
6440,27
6441,40
6442,23
6443,25
6446,58
6447,33
6449,21
6450,58
6451,76
6454,30
6457,41
6458,48
6459,86
6461,45
6462,80
6463,30
6464,29
6465,44
6467,23
6468,47
6469,36
6470,48
6471,22
6472,17
6473,23
6475,41
6477,29
6479,22
6480,54
6481,21
6483,32
6484,47
6485,53
6486,46
6488,38
6489,120
6490,36
6491,27
6492,22
6494,25
6496,31
6497,51
6498,46
6499,31
6501,22
6502,103
6505,20
6506,29
6507,61
6508,56
6509,19
6511,50
6512,21
6513,29
6514,3
6515,95
6516,13
6517,1
6519,21
6520,23
6521,62
6523,35
6524,19
6525,39
6529,23
6532,20
6533,19
6534,17
6535,75
6537,100
6538,43
6539,55
6540,43
6541,74
6542,2
6543,16
6544,81
6546,39
6548,32
6549,30
6550,20
6551,17
6552,20
6554,22
6555,34
6557,20
6559,30
6560,38
6561,41
6562,21
6563,44
6564,21
6565,33
6566,40
6567,21
6570,29
6571,23
6572,44
6573,80
6574,23
6576,45
6577,34
6578,23
6579,58
6581,21
6583,58
6584,22
6586,20
6587,87
6588,41
6590,16
6594,22
6595,42
6596,50
6597,23
6600,43
6601,27
6602,33
6603,50
6604,30
6605,41
6606,20
6608,45
6609,0
6610,31
6611,30
6612,5
6613,25
6615,21
6616,34
6617,33
6618,94
6619,21
6620,60
6622,32
6623,81
6624,45
6625,99
6626,23
6627,34
6628,81
6630,19
6631,20
6632,74
6635,40
6636,21
6637,38
6638,24
6639,42
6640,31
6641,61
6642,18
6643,23
6644,27
6645,50
6646,54
6649,19
6650,22
6651,56
6652,43
6653,22
6654,38
6655,20
6656,32
6657,63
6658,35
6659,49
6660,27
6662,21
6663,25
6664,21
6665,36
6666,48
6667,30
6668,48
6670,34
6672,29
6673,30
6675,45
6676,45
6677,41
6678,48
6680,37
6681,22
6682,43
6683,49
6684,25
6685,12
6686,46
6687,29
6688,21
6689,37
6692,24
6693,51
6694,30
6695,25
6696,20
6697,35
6698,23
6699,67
6700,23
6701,12
6702,50
6703,31
6704,42
6705,48
6706,62
6707,78
6708,35
6711,48
6713,35
6714,21
6716,50
6717,33
6719,51
6720,23
6721,39
6722,36
6723,14
6726,30
6727,31
6729,32
6730,67
6731,18
6732,35
6733,68
6734,28
6735,19
6736,53
6737,23
6738,24
6739,22
6740,105
6741,45
6742,41
6743,17
6744,47
6746,19
6747,21
6749,45
6750,22
6751,38
6753,34
6754,17
6755,71
6756,45
6757,60
6758,22
6759,58
6761,44
6762,30
6763,70
6764,15
6765,4
6766,18
6767,19
6768,21
6770,32
6771,18
6772,30
6773,25
6774,45
6775,39
6776,32
6780,29
6783,20
6785,49
6786,25
6788,31
6790,23
6792,46
6797,4
6798,50
6799,46
6800,23
6801,47
6802,30
6803,40
6804,63
6805,22
6806,39
6807,85
6808,30
6810,48
6811,21
6812,28
6814,47
6815,22
6817,31
6818,45
6819,17
6820,50
6821,37
6822,49
6823,25
6824,30
6825,31
6826,30
6827,34
6828,51
6829,62
6830,35
6832,48
6833,21
6835,34
6836,57
6837,22
6840,41
6841,21
6842,27
6843,41
6844,23
6845,20
6846,63
6847,35
6848,51
6851,22
6852,29
6853,48
6854,21
6857,23
6858,19
6860,44
6862,32
6863,58
6864,21
6866,48
6867,27
6868,41
6869,28
6870,22
6872,29
6873,34
6875,46
6876,32
6878,31
6881,30
6883,30
6884,40
6885,33
6886,28
6887,51
6888,20
6890,60
6891,21
6892,47
6893,22
6894,17
6895,71
6896,16
6897,32
6898,17
6900,17
6901,22
6903,32
6905,69
6906,45
6908,40
6909,32
6910,79
6911,104
6912,23
6914,21
6916,33
6919,22
6920,29
6922,60
6924,21
6925,28
6926,44
6928,38
6929,21
6930,23
6931,34
6932,5
6933,57
6934,44
6935,35
6936,20
6937,50
6938,41
6939,33
6940,46
6941,41
6942,31
6943,22
6944,21
6946,22
6947,33
6949,21
6950,59
6952,29
6953,22
6954,46
6955,49
6956,22
6958,67
6959,34
6960,44
6961,21
6963,43
6964,22
6965,35
6966,28
6970,34
6971,33
6972,18
6974,30
6975,21
6977,638
6978,33
6979,33
6980,45
6981,20
6982,29
6983,28
6984,20
6986,28
6987,16
6988,81
6989,29
6990,29
6992,74
6993,14
6994,24
6995,24
6996,30
6998,12
6999,25
7000,70
7001,21
7003,29
7005,24
7006,31
7007,80
7008,28
7009,18
7011,67
7014,56
7015,42
7016,53
7017,34
7018,31
7020,24
7022,31
7023,33
7025,34
7026,47
7027,36
7028,4
7029,27
7030,30
7033,51
7034,33
7035,34
7036,42
7037,31
7038,35
7039,23
7040,33
7041,30
7042,33
7043,37
7045,2
7046,18
7047,36
7048,5
7049,38
7050,45
7051,58
7052,38
7053,18
7054,20
7056,4
7058,23
7059,3
7060,32
7061,33
7063,33
7064,31
7065,44
7066,80
7067,36
7068,4
7071,22
7073,29
7074,32
7075,32
7076,37
7077,34
7078,47
7080,25
7081,20
7082,30
7083,48
7085,38
7086,56
7088,18
7089,48
7090,30
7091,34
7092,45
7094,41
7095,82
7097,49
7098,72
7101,19
7102,32
7103,32
7104,35
7105,31
7107,38
7108,24
7109,48
7110,53
7111,21
7112,53
7113,27
7114,38
7115,41
7116,30
7117,53
7118,101
7119,34
7120,29
7121,32
7122,47
7123,24
7124,21
7125,24
7127,30
7128,75
7130,48
7131,22
7132,48
7133,32
7134,33
7135,27
7136,56
7137,26
7138,72
7139,1
7140,23
7141,34
7142,41
7143,39
7144,45
7145,28
7147,43
7148,33
7151,30
7152,20
7153,42
7155,48
7156,19
7157,30
7159,2
7160,42
7162,33
7163,29
7164,81
7165,19
7166,74
7167,33
7168,27
7169,47
7170,83
7171,46
7174,20
7175,28
7176,20
7178,31
7179,66
7181,32
7183,38
7184,51
7187,32
7189,26
7190,29
7191,23
7192,32
7193,20
7194,22
7196,26
7197,41
7199,20
7200,43
7201,87
7202,61
7204,14
7205,27
7208,39
7209,33
7210,18
7211,31
7212,21
7213,62
7215,39
7216,22
7217,66
7219,31
7220,23
7221,1
7222,57
7223,23
7224,46
7225,19
7226,41
7227,63
7228,44
7229,34
7230,17
7231,50
7232,40
7238,41
7239,94
7240,20
7242,52
7243,23
7244,33
7245,18
7246,29
7248,15
7249,40
7250,46
7251,45
7252,23
7254,28
7258,67
7260,38
7262,30
7263,30
7265,19
7266,22
7268,34
7269,46
7270,42
7271,17
7273,14
7275,49
7276,19
7278,40
7279,20
7280,18
7281,42
7282,24
7283,21
7284,32
7286,25
7287,34
7288,10
7289,20
7290,29
7291,44
7292,32
7293,32
7295,22
7296,36
7297,25
7298,46
7299,42
7300,48
7301,89
7302,21
7303,43
7304,49
7305,19
7306,33
7309,28
7311,25
7312,28
7313,20
7314,2
7315,28
7317,34
7318,56
7319,30
7320,37
7322,26
7328,18
7330,32
7331,42
7332,19
7334,33
7336,23
7337,21
7338,24
7339,78
7341,34
7342,35
7343,17
7346,22
7347,47
7348,21
7350,19
7351,83
7352,21
7353,21
7354,44
7355,32
7357,50
7358,33
7360,38
7361,22
7362,35
7363,23
7366,22
7367,30
7368,29
7369,28
7370,4
7371,20
7372,19
7374,19
7375,62
7376,20
7377,35
7378,94
7379,22
7380,72
7381,44
7382,17
7383,19
7384,1
7387,17
7388,66
7389,30
7390,16
7391,31
7392,24
7394,96
7395,23
7396,20
7397,31
7398,49
7399,34
7400,34
7401,24
7402,30
7403,22
7404,3
7405,30
7406,17
7407,45
7408,41
7409,53
7410,23
7411,65
7412,21
7413,33
7415,16
7417,23
7418,32
7419,28
7420,29
7422,18
7423,49
7424,34
7425,28
7427,29
7428,50
7429,31
7430,30
7431,48
7432,29
7436,32
7437,48
7438,20
7439,47
7440,30
7441,23
7442,47
7443,37
7444,22
7445,31
7449,32
7450,24
7451,21
7452,1
7453,37
7454,34
7456,54
7457,21
7458,49
7459,24
7460,45
7462,44
7463,21
7464,53
7467,46
7468,22
7469,21
7470,44
7471,24
7475,31
7476,22
7477,30
7478,35
7479,33
7480,43
7481,20
7482,51
7483,28
7485,49
7486,48
7487,46
7488,23
7489,34
7490,18
7491,51
7493,42
7494,23
7495,42
7496,31
7497,52
7499,43
7500,31
7502,45
7503,49
7504,47
7505,46
7506,63
7507,19
7508,30
7509,30
7510,57
7511,40
7516,57
7518,31
7519,43
7520,54
7521,50
7525,50
7526,29
7530,21
7531,62
7532,21
7533,36
7534,23
7535,34
7536,39
7537,70
7538,32
7540,17
7542,40
7543,31
7544,46
7546,32
7548,20
7549,65
7552,31
7553,18
7554,30
7557,46
7558,35
7559,19
7560,46
7561,22
7562,51
7563,32
7564,48
7565,21
7566,61
7567,30
7569,27
7570,87
7572,19
7573,45
7574,21
7575,43
7577,19
7578,32
7580,33
7582,25
7583,35
7585,31
7588,81
7589,42
7590,17
7591,32
7592,19
7593,19
7594,32
7595,37
7596,24
7597,78
7598,31
7599,19
7601,20
7602,20
7603,16
7604,52
7605,42
7606,31
7607,25
7608,45
7609,43
7610,32
7611,48
7612,20
7613,51
7614,18
7615,34
7616,37
7617,21
7618,40
7619,44
7620,28
7621,58
7622,35
7623,20
7624,18
7625,31
7626,21
7627,36
7628,23
7629,23
7630,44
7631,20
7632,20
7633,20
7635,45
7637,30
7638,19
7639,30
7640,70
7641,42
7642,23
7643,33
7644,20
7646,21
7647,1
7648,30
7649,22
7650,18
7652,23
7653,20
7654,51
7655,27
7656,21
7657,21
7658,31
7659,48
7661,49
7662,20
7664,48
7665,45
7667,47
7668,30
7673,41
7674,26
7675,43
7676,17
7677,27
7678,23
7679,21
7680,20
7681,22
7683,20
7685,34
7686,34
7687,19
7688,21
7690,17
7692,23
7693,64
7694,15
7695,33
7696,31
7700,51
7701,26
7702,28
7704,41
7705,20
7706,28
7707,50
7708,22
7709,25
7710,28
7711,24
7712,31
7714,38
7715,83
7716,34
7717,20
7718,19
7719,3
7722,27
7723,34
7725,44
7726,23
7727,30
7728,62
7729,20
7731,79
7732,86
7733,22
7734,31
7735,18
7736,22
7738,19
7739,34
7741,47
7742,48
7743,39
7746,20
7747,91
7748,33
7749,33
7750,30
7751,41
7752,46
7753,64
7755,34
7756,3
7757,42
7758,21
7759,44
7760,16
7761,34
7762,30
7763,22
7764,47
7765,47
7766,26
7767,8
7768,19
7769,20
7770,26
7771,32
7772,37
7774,50
7776,25
7777,19
7778,37
7779,58
7780,32
7782,53
7783,31
7784,24
7785,29
7786,18
7788,34
7790,23
7791,31
7792,18
7793,45
7795,17
7796,28
7797,35
7798,34
7800,54
7801,48
7803,19
7804,34
7805,29
7806,34
7807,23
7808,34
7809,24
7810,26
7812,32
7813,32
7814,77
7816,34
7817,42
7818,20
7820,27
7821,30
7822,34
7823,26
7825,25
7826,34
7827,33
7831,30
7832,48
7833,28
7835,45
7836,22
7838,47
7840,34
7841,15
7843,33
7844,22
7846,30
7847,30
7848,35
7851,63
7852,20
7853,32
7854,34
7857,18
7858,47
7859,24
7860,21
7861,40
7862,41
7863,84
7864,27
7866,21
7868,32
7871,32
7872,42
7875,31
7876,25
7877,43
7879,29
7881,34
7882,36
7883,19
7885,84
7886,15
7887,30
7889,33
7890,31
7891,34
7892,31
7893,30
7896,29
7897,11
7898,23
7899,41
7900,21
7902,24
7904,35
7905,31
7907,74
7910,22
7912,49
7913,32
7914,42
7915,47
7917,27
7919,49
7920,16
7921,20
7922,29
7925,19
7926,5
7927,42
7928,47
7929,44
7931,19
7932,45
7933,44
7934,49
7935,32
7936,62
7937,21
7938,27
7939,34
7942,46
7943,22
7944,38
7947,61
7948,47
7951,46
7952,57
7953,33
7954,23
7956,64
7957,57
7958,41
7959,21
7960,49
7961,22
7963,22
7964,42
7965,38
7966,32
7967,76
7968,21
7969,22
7970,22
7971,34
7972,27
7973,23
7974,19
7975,83
7976,76
7977,31
7978,18
7979,46
7980,28
7981,38
7982,20
7983,21
7986,34
7987,14
7988,54
7989,34
7990,45
7991,30
7992,23
7993,79
7995,56
7996,18
7997,31
8000,65
8001,35
8002,65
8003,37
8004,22
8006,30
8007,41
8008,28
8010,19
8011,23
8012,5
8013,34
8014,22
8015,66
8016,29
8018,27
8019,31
8020,34
8021,39
8022,47
8023,40
8024,50
8025,54
8026,45
8027,19
8028,17
8029,46
8030,79
8032,20
8034,29
8035,20
8036,20
8037,44
8038,48
8039,47
8040,63
8041,28
8043,22
8044,88
8045,21
8046,49
8047,65
8049,77
8050,36
8051,46
8052,33
8054,40
8055,42
8057,36
8058,50
8059,40
8060,39
8061,3
8063,42
8064,65
8065,1
8066,46
8067,41
8069,18
8072,78
8074,32
8076,30
8077,23
8078,30
8079,18
8082,42
8083,31
8084,22
8085,20
8088,47
8089,29
8091,72
8092,82
8093,32
8094,23
8095,36
8097,34
8099,34
8100,49
8101,61
8102,20
8104,32
8106,36
8107,31
8109,20
8111,71
8112,41
8114,26
8115,20
8116,29
8117,47
8118,19
8121,24
8124,64
8125,31
8126,61
8127,27
8128,47
8129,2
8130,20
8132,43
8134,30
8135,59
8136,22
8137,22
8138,45
8139,31
8140,50
8141,32
8142,44
8144,31
8145,19
8147,30
8148,19
8150,20
8152,20
8153,41
8154,25
8155,18
8157,40
8159,21
8160,21
8161,20
8162,47
8163,53
8164,56
8167,31
8168,33
8169,22
8170,29
8171,36
8172,29
8173,31
8174,72
8177,21
8178,65
8179,36
8180,22
8181,23
8182,71
8183,94
8184,34
8185,29
8186,28
8187,18
8189,22
8190,39
8191,45
8192,64
8193,15
8194,40
8195,30
8196,63
8198,65
8199,24
8200,18
8201,23
8202,15
8203,22
8204,20
8205,55
8206,19
8207,46
8209,32
8210,52
8211,49
8213,21
8216,45
8217,47
8218,79
8219,31
8220,5
8221,22
8222,40
8223,19
8224,51
8225,22
8226,45
8227,40
8228,60
8229,52
8231,68
8232,57
8233,42
8234,23
8235,45
8236,42
8237,32
8238,23
8239,19
8240,36
8241,22
8242,44
8244,38
8245,46
8246,26
8248,20
8250,48
8251,37
8252,33
8253,44
8254,21
8255,17
8256,22
8257,43
8258,52
8259,40
8260,20
8261,34
8262,40
8264,27
8265,42
8267,22
8268,20
8269,27
8270,29
8271,31
8275,18
8276,19
8277,22
8278,21
8279,21
8280,51
8282,25
8283,2
8284,32
8286,22
8287,22
8288,33
8290,86
8292,88
8293,20
8294,48
8296,30
8297,45
8300,21
8301,27
8302,20
8303,49
8304,58
8305,26
8306,66
8307,66
8308,68
8309,19
8311,26
8313,24
8314,63
8315,34
8316,30
8317,21
8318,38
8319,36
8320,47
8322,42
8325,64
8326,47
8327,34
8328,29
8330,32
8331,24
8332,2
8333,27
8334,36
8335,43
8336,31
8337,33
8338,21
8340,46
8341,29
8345,99
8346,21
8347,21
8348,36
8349,17
8352,38
8354,52
8355,59
8356,34
8357,24
8358,20
8359,39
8360,30
8362,76
8364,21
8365,21
8366,23
8367,42
8368,67
8369,60
8370,83
8371,38
8372,36
8373,49
8375,19
8376,22
8377,16
8379,33
8380,22
8381,55
8383,27
8384,18
8385,37
8386,38
8387,47
8388,48
8390,49
8391,23
8392,22
8395,29
8396,16
8397,19
8398,30
8399,26
8400,42
8401,22
8402,66
8404,17
8405,23
8406,16
8407,21
8408,68
8409,17
8412,33
8413,20
8414,30
8415,48
8417,36
8418,45
8419,21
8420,23
8421,12
8422,32
8423,37
8424,40
8426,26
8427,41
8428,32
8429,73
8430,42
8431,33
8432,29
8433,29
8435,23
8436,21
8437,461
8438,30
8439,42
8441,27
8443,19
8444,26
8445,60
8447,45
8448,21
8449,45
8450,96
8451,46
8452,4
8453,58
8454,43
8455,24
8456,46
8457,21
8458,31
8459,29
8460,76
8461,46
8462,53
8463,49
8464,43
8465,23
8466,34
8467,19
8468,38
8472,38
8473,86
8474,31
8475,4
8476,32
8477,18
8478,44
8481,19
8482,31
8483,44
8485,33
8486,20
8487,1
8488,26
8490,18
8491,34
8492,19
8493,29
8494,19
8495,39
8496,19
8497,20
8498,52
8500,22
8501,71
8502,28
8503,29
8504,21
8505,44
8506,56
8510,21
8511,123
8512,50
8513,48
8515,17
8516,33
8517,45
8518,23
8519,29
8520,20
8522,61
8523,30
8525,20
8526,44
8527,19
8528,56
8530,31
8531,54
8532,23
8533,39
8534,47
8535,34
8537,42
8538,22
8539,47
8540,44
8541,34
8543,2
8544,46
8545,75
8546,32
8547,31
8549,31
8550,32
8551,18
8552,33
8553,34
8554,38
8555,28
8556,11
8557,66
8558,20
8559,42
8560,48
8561,5
8562,41
8563,20
8564,19
8565,23
8566,38
8567,25
8569,78
8570,41
8571,29
8572,37
8574,19
8576,21
8577,21
8578,76
8579,20
8580,44
8581,22
8583,23
8584,19
8585,30
8587,20
8588,74
8590,31
8591,34
8592,24
8594,59
8595,70
8596,74
8598,15
8599,74
8601,2
8602,21
8603,69
8604,50
8606,18
8607,63
8608,30
8609,27
8610,27
8611,46
8612,40
8613,21
8614,19
8615,2
8616,32
8617,29
8619,20
8620,33
8621,38
8622,51
8623,41
8624,59
8628,30
8629,64
8630,21
8632,28
8633,35
8634,24
8635,46
8636,33
8637,21
8638,31
8639,31
8640,21
8641,18
8642,18
8643,48
8644,19
8645,41
8647,37
8648,31
8649,28
8650,54
8651,37
8652,18
8655,44
8656,33
8657,39
8658,21
8659,69
8660,47
8661,49
8662,47
8663,33
8664,41
8666,47
8668,45
8669,21
8670,33
8671,45
8672,33
8673,35
8675,26
8676,36
8677,43
8678,49
8679,31
8680,31
8683,47
8684,26
8685,64
8686,26
8688,40
8689,22
8690,24
8691,47
8692,53
8693,22
8694,31
8695,39
8696,18
8697,26
8698,69
8700,60
8701,51
8703,47
8704,31
8705,43
8706,20
8707,40
8708,21
8711,1
8712,23
8713,22
8714,47
8715,1
8716,50
8717,22
8718,61
8719,18
8721,45
8722,32
8723,22
8724,22
8726,70
8727,21
8728,19
8729,51
8731,33
8732,22
8733,62
8734,21
8735,34
8736,50
8737,18
8740,18
8742,41
8743,30
8744,52
8746,46
8747,50
8748,43
8750,60
8751,21
8752,47
8753,20
8754,43
8756,57
8758,48
8759,19
8760,37
8761,46
8762,20
8763,43
8764,47
8765,45
8766,19
8768,38
8769,23
8770,48
8771,30
8772,50
8775,52
8776,13
8777,30
8778,14
8779,23
8780,47
8781,22
8782,23
8783,30
8784,28
8785,23
8786,28
8787,42
8788,41
8789,41
8791,22
8792,29
8793,18
8794,39
8796,22
8797,16
8799,42
8800,32
8801,47
8802,19
8803,47
8804,22
8805,34
8807,35
8808,22
8809,47
8810,21
8811,41
8812,49
8813,49
8814,25
8815,36
8816,28
8817,19
8818,22
8819,22
8821,33
8823,35
8824,102
8825,25
8826,63
8827,37
8828,31
8830,20
8831,35
8832,45
8834,85
8837,23
8838,51
8839,34
8841,22
8842,25
8843,18
8845,28
8846,50
8847,48
8848,22
8849,38
8850,36
8852,40
8853,46
8854,66
8855,5
8857,46
8858,50
8859,43
8860,29
8862,32
8863,23
8864,25
8865,24
8866,74
8867,33
8868,22
8869,48
8870,25
8871,40
8872,58
8874,36
8875,103
8876,22
8880,20
8881,32
8882,4
8884,31
8885,36
8886,5
8887,35
8889,47
8890,32
8891,25
8892,23
8893,40
8894,68
8895,28
8899,37
8901,51
8902,33
8903,31
8904,45
8905,30
8906,11
8907,42
8908,2
8910,52
8911,71
8912,46
8913,164
8914,33
8915,47
8916,22
8917,32
8918,32
8919,42
8920,30
8921,51
8922,40
8923,28
8924,16
8925,56
8926,22
8927,17
8929,21
8930,56
8931,17
8932,67
8933,27
8935,67
8936,20
8937,46
8938,46
8939,35
8940,31
8944,118
8946,37
8947,44
8948,31
8951,47
8952,22
8953,46
8955,64
8956,20
8958,32
8961,41
8962,20
8963,78
8964,45
8965,21
8966,33
8967,48
8968,49
8970,30
8971,2
8973,2
8977,40
8978,52
8980,32
8981,44
8982,28
8983,43
8984,50
8985,20
8987,38
8988,45
8992,16
8994,21
8995,34
8997,45
8998,24
9000,21
9001,21
9002,46
9003,86
9006,31
9007,23
9009,36
9010,29
9011,28
9012,18
9013,36
9015,23
9016,20
9017,29
9018,34
9019,42
9020,41
9021,49
9022,19
9023,41
9024,51
9026,41
9028,44
9029,41
9031,50
9032,23
9033,13
9034,30
9035,40
9037,53
9038,47
9040,34
9041,33
9042,35
9043,19
9044,56
9045,19
9046,47
9047,44
9049,32
9050,33
9051,31
9052,49
9054,25
9055,22
9056,58
9057,97
9058,20
9059,68
9060,20
9061,47
9062,56
9063,34
9064,38
9065,30
9066,47
9067,23
9068,44
9069,22
9071,35
9072,30
9073,91
9074,20
9075,43
9076,42
9077,21
9078,43
9080,80
9082,30
9084,26
9085,46
9088,18
9089,30
9090,20
9091,20
9093,68
9095,47
9096,40
9097,37
9101,21
9102,35
9104,49
9105,22
9107,23
9108,47
9110,32
9111,22
9112,30
9114,24
9115,19
9116,23
9117,42
9118,18
9119,22
9120,40
9121,62
9123,47
9124,52
9125,27
9126,34
9127,22
9128,20
9130,46
9132,25
9134,53
9135,49
9136,42
9137,29
9138,40
9139,34
9140,57
9141,19
9142,29
9143,31
9144,49
9146,31
9147,32
9148,50
9150,29
9152,20
9153,29
9154,47
9155,47
9156,80
9157,18
9159,25
9160,20
9161,42
9162,51
9163,43
9164,24
9165,45
9167,18
9168,18
9170,30
9172,34
9173,21
9174,68
9175,19
9177,2
9179,47
9180,23
9181,22
9182,31
9183,52
9184,28
9185,23
9186,39
9188,45
9189,66
9190,22
9191,41
9192,3
9193,19
9195,27
9196,25
9201,22
9202,47
9203,23
9204,49
9205,21
9207,78
9208,40
9209,21
9210,46
9211,44
9212,18
9213,55
9214,22
9215,20
9216,55
9217,48
9218,34
9220,32
9222,77
9223,34
9225,78
9227,35
9228,20
9229,20
9230,30
9232,20
9235,30
9238,50
9239,21
9240,15
9241,19
9242,32
9243,37
9244,34
9245,19
9246,33
9247,19
9248,38
9250,76
9252,24
9253,23
9254,62
9256,61
9259,47
9260,33
9262,32
9264,1
9265,43
9266,46
9267,28
9269,48
9270,21
9272,26
9274,56
9277,18
9278,21
9279,45
9280,53
9281,44
9282,85
9283,35
9285,66
9286,30
9288,77
9289,30
9291,5
9292,32
9293,28
9294,5
9295,23
9296,15
9298,14
9299,2
9300,23
9301,20
9302,61
9303,30
9305,19
9306,23
9307,19
9308,125
9309,46
9312,15
9313,117
9314,54
9315,46
9316,3
9317,15
9318,16
9319,47
9321,16
9322,46
9323,44
9324,32
9325,18
9326,50
9327,31
9329,28
9330,40
9332,40
9334,43
9335,62
9336,23
9338,45
9339,14
9340,72
9341,25
9342,36
9343,23
9345,19
9346,44
9347,44
9349,52
9350,85
9351,42
9352,47
9354,49
9355,57
9356,55
9357,42
9358,31
9360,30
9361,40
9362,25
9366,33
9367,53
9368,84
9369,55
9370,30
9373,44
9374,20
9375,16
9376,75
9377,55
9379,19
9380,22
9381,32
9382,63
9383,41
9384,81
9385,45
9386,21
9387,46
9388,24
9390,33
9391,24
9392,66
9393,22
9394,21
9396,3
9398,43
9399,27
9400,20
9402,34
9403,65
9405,17
9406,35
9409,44
9411,78
9412,12
9413,20
9414,47
9415,45
9416,44
9417,30
9418,51
9420,41
9422,21
9423,42
9424,32
9425,50
9426,31
9427,46
9428,55
9430,21
9431,18
9433,33
9435,24
9436,21
9437,41
9439,56
9440,41
9441,33
9442,20
9443,23
9444,31
9446,34
9447,18
9449,31
9450,24
9451,38
9452,43
9453,25
9454,46
9455,36
9456,56
9457,44
9459,31
9460,40
9461,32
9463,20
9464,35
9465,50
9467,22
9468,48
9469,87
9470,48
9471,31
9472,43
9473,20
9474,67
9475,35
9476,30
9477,12
9478,32
9480,20
9481,46
9482,50
9484,82
9487,36
9488,51
9489,28
9490,33
9491,23
9492,81
9493,32
9495,23
9496,23
9497,32
9498,48
9499,42
9500,29
9502,36
9503,33
9504,33
9506,27
9507,32
9508,32
9512,29
9514,24
9515,50
9516,15
9517,22
9518,59
9519,36
9520,33
9521,22
9522,20
9523,32
9524,32
9525,20
9527,27
9528,23
9530,47
9531,30
9532,33
9536,19
9537,85
9538,16
9539,38
9542,45
9543,31
9544,41
9545,51
9546,37
9547,20
9549,19
9550,30
9551,22
9554,29
9555,20
9556,22
9557,43
9558,23
9560,20
9563,37
9564,38
9565,35
9566,42
9567,34
9568,48
9569,32
9572,18
9575,25
9576,4
9577,18
9579,64
9581,54
9582,63
9583,30
9584,56
9585,33
9586,28
9587,14
9589,109
9592,37
9594,44
9595,74
9596,42
9597,45
9598,32
9599,46
9601,22
9602,0
9603,21
9605,31
9607,58
9608,32
9609,45
9610,42
9611,32
9612,38
9613,4
9614,39
9615,44
9617,34
9618,19
9620,19
9621,32
9625,33
9626,56
9627,22
9629,22
9630,41
9631,33
9632,30
9633,33
9634,34
9635,32
9636,47
9637,44
9639,32
9640,45
9641,32
9642,16
9643,33
9644,44
9646,54
9647,37
9648,33
9649,19
9650,61
9651,22
9652,47
9653,46
9654,21
9655,20
9658,21
9659,45
9661,19
9662,22
9663,20
9664,46
9665,30
9666,48
9667,47
9668,49
9669,23
9672,27
9673,29
9674,40
9675,43
9676,24
9678,34
9679,16
9680,30
9681,47
9682,11
9683,47
9685,20
9686,24
9687,30
9688,30
9689,29
9690,31
9691,32
9692,30
9693,30
9694,36
9697,30
9698,37
9699,76
9702,46
9703,57
9704,32
9705,34
9706,27
9707,48
9709,23
9710,23
9712,51
9713,32
9714,34
9715,21
9716,21
9717,23
9718,20
9719,85
9720,27
9721,110
9722,45
9723,47
9724,31
9725,30
9727,19
9728,19
9732,30
9733,30
9734,18
9735,21
9736,19
9738,47
9739,25
9741,49
9742,66
9743,31
9744,38
9745,21
9746,26
9747,41
9748,2
9749,47
9750,26
9751,54
9752,76
9753,38
9754,29
9755,33
9756,3
9758,35
9759,47
9760,21
9761,20
9762,46
9763,33
9764,17
9766,31
9768,34
9770,30
9771,46
9772,75
9774,21
9776,46
9778,18
9780,19
9781,32
9782,19
9784,49
9785,17
9786,32
9788,45
9789,20
9790,22
9791,20
9792,36
9793,83
9794,23
9795,51
9796,54
9797,21
9798,64
9799,41
9800,22
9801,34
9802,45
9803,22
9804,22
9805,58
9806,22
9807,37
9808,37
9809,44
9810,41
9811,16
9812,33
9813,5
9817,40
9818,21
9822,29
9823,19
9824,38
9825,42
9826,39
9828,4
9829,34
9831,30
9832,34
9833,49
9834,81
9835,17
9836,33
9837,33
9838,21
9839,30
9840,45
9842,40
9843,81
9844,31
9845,43
9846,61
9847,20
9848,20
9849,33
9850,44
9851,22
9852,69
9853,30
9855,30
9856,20
9857,30
9858,45
9859,54
9860,44
9861,29
9862,24
9863,21
9864,49
9865,24
9866,31
9867,37
9868,27
9869,34
9871,41
9872,20
9874,38
9875,18
9876,18
9877,28
9878,72
9879,34
9881,19
9882,21
9883,38
9884,59
9885,21
9887,34
9888,5
9889,53
9890,41
9891,19
9892,27
9894,22
9895,125
9896,32
9897,38
9898,45
9899,31
9900,36
9901,22
9902,44
9903,30
9904,37
9905,27
9906,38
9907,29
9909,22
9910,201
9911,37
9912,21
9913,19
9915,23
9916,36
9918,99
9919,26
9920,31
9921,32
9922,48
9924,20
9925,20
9927,40
9928,21
9929,36
9930,22
9932,33
9933,30
9934,18
9935,36
9937,29
9938,61
9939,15
9940,18
9941,47
9943,44
9945,32
9947,22
9949,36
9950,37
9951,31
9952,32
9954,4
9955,24
9956,20
9957,31
9958,22
9959,19
9962,41
9964,45
9966,31
9967,20
9968,27
9969,37
9970,34
9971,36
9973,33
9974,32
9977,22
9979,34
9980,32
9981,30
9982,22
9983,61
9984,47
9988,33
9989,47
9990,39
9991,51
9992,49
9993,48
9995,30
9996,20
9998,33
9999,21
